{
  "manifest.json": 1738109134349,
  "Component.js": 1738105553107,
  "utils/locate-reuse-libs.js": 1738105553107,
  "model/models.js": 1738105553107,
  "controller/main.controller.js": 1738105553107,
  "i18n/i18n.properties": 1738105553107,
  "Component-preload.js": 1738109134494,
  "utils/locate-reuse-libs-dbg.js": 1738105553107,
  "model/models-dbg.js": 1738105553107,
  "controller/main-dbg.controller.js": 1738105553107,
  "Component-dbg.js": 1738105553107,
  "view/main.view.xml": 1738105553107,
  "css/style.css": 1738105553107,
  "index.html": 1738105553107
}